<?xml version="1.0" encoding="utf-8" standalone="yes"?>
<!-- This is a representation level METS.xml file -->
<!-- This representation level METS.xml file is not aware of its own root level METS file or any other segments that may exists -->
<mets xmlns:xsi="http://www.w3.org/2001/XMLSchema-instance" xmlns="http://www.loc.gov/METS/" xmlns:xlink="http://www.w3.org/1999/xlink" OBJID="" TYPE="ERMS" xlink:CONTENTTYPESPECIFICATION="SMURFERMS" PROFILE="" xsi:schemaLocation="http://www.loc.gov/METS/ ../../schemas/mets.xsd" LABEL="rep2">

	<metsHdr CREATEDATE="2017-01-31T13:07:22.6970809+02:00" LASTMODDATE="2017-01-31T13:07:22.6970809+02:00" />
	<!-- CS - LASTMODDATA only mandatory if different from CREATEDATA -->
	<amdSec ID="a592e2fb-e048-4011-9d5e-e4162fe42965" />
	<fileSec ID="bb7a48f9-5528-4904-a2d7-96a9625f1b06">
		<fileGrp ID="b3904d7c-36f8-4f57-b00c-179e0df2557f" USE="Files representation ">
			<fileGrp ID="d2e7f32c-fdce-4b7a-a053-480a24ce4305" USE="representations" />
			<fileGrp ID="b6f4b954-9bd4-4179-93d3-37732b90923d" USE="data">
				<file ID="fa533a8d-e3f8-4fa4-927a-ccf60ce15dcd" MIMETYPE="application/pdf" SIZE="373388" CREATED="2017-01-31T13:07:22.7470810+02:00" CHECKSUM="a11bae68aa2675f679f17fca3e8c1e4803ee02ad6e3c2e3292ba08228d52cad9" CHECKSUMTYPE="SHA-256">
					<FLocat LOCTYPE="URL" xlink:type="simple" xlink:href="file:data/Report.pdf" />
				</file>
			</fileGrp>
			<fileGrp ID="d46d72ea-54dc-409b-a7ae-c7ed80679ce5" USE="schemas" />
			<fileGrp ID="afd45518-0e28-4145-8e18-bdf9c69ec084" USE="documentation" />
		</fileGrp>
	</fileSec>
	<structMap ID="f3ca126b-d9e5-4293-a021-e1cdde2156f2" TYPE="physical" LABEL="Common Specification structural map">
		<div ID="c33aebd2-b377-426d-b267-5533e37550b7" LABEL="">
			<div ID="ce16db50-a1a5-4cce-8e8f-c100144439ec" LABEL="metadata">
				<div ID="b445e8fb-c63f-4583-a188-6be7c0ff24dc" LABEL="descriptive" />
				<div ID="de22d1f5-72e2-43b5-87eb-ee812ca3d54b" LABEL="preservation" />
				<div ID="f9ca6a01-f864-4498-bb9b-19fd5e0d7454" LABEL="other" />
			</div>
			<div ID="d11713c9-3f2e-4fe4-ae2d-8a9739db3b95" LABEL="representations" />
			<div ID="e61bfd78-45d1-4428-a8df-123825e533b4" LABEL="data">
				<fptr FILEID="fa533a8d-e3f8-4fa4-927a-ccf60ce15dcd" />
			</div>
			<div ID="dbb88b13-f6ad-4f09-b4c7-5bcd3d15a2ab" LABEL="schemas" />
			<div ID="e9d99396-4da9-4b0c-a347-2e14b6a7dd4f" LABEL="documentation" />
		</div>
	</structMap>
</mets>