<?xml version="1.0" encoding="utf-8"?>
<eac-cpf xsi:schemaLocation="urn:isbn:1-931666-33-4 ../../schemas/cpf.xsd" xmlns="urn:isbn:1-931666-33-4" xmlns:xsi="http://www.w3.org/2001/XMLSchema-instance" xmlns:xlink="http://www.w3.org/1999/xlink">
	<control>
		<recordId>e870dcea-56a0-49ff-b962-4fa481a12ae2</recordId>
		<maintenanceStatus>new</maintenanceStatus>
		<maintenanceAgency>
			<agencyName>Ministry of Economics</agencyName>
		</maintenanceAgency>
		<maintenanceHistory>
			<maintenanceEvent>
				<eventType>created</eventType>
				<eventDateTime>01.01.2017</eventDateTime>
				<agentType>human</agentType>
				<agent>John Smith</agent>
			</maintenanceEvent>
		</maintenanceHistory>
	</control>
	<cpfDescription>
		<identity>
			<entityId localType="legalidentifier"></entityId>
			<entityType>corporateBody</entityType>
			<nameEntry xml:lang="en">
				<part localType="name">Ministry of Economics</part>
				<useDates>
					<dateRange>
						<fromDate>01.01.1990</fromDate>
						<toDate>01.01.1990</toDate>
					</dateRange>
				</useDates>
			</nameEntry>
		</identity>
		<description>
			<existDates>
				<dateRange>
					<fromDate>1990</fromDate>
					<toDate>1990</toDate>
				</dateRange>
			</existDates>
			<places>
				<place>
					<placeRole>Address</placeRole>
					<placeEntry>Address line 1</placeEntry>
					<dateRange>
						<fromDate>1990</fromDate>
					</dateRange>
				</place>
			</places>
			<legalStatuses>
				<legalStatus>
					<term>Public agency</term>
					<dateRange>
						<fromDate>1990</fromDate>
					</dateRange>
				</legalStatus>
			</legalStatuses>
			<functions>
				<function>
					<term>Function 1</term>
					<descriptiveNote>
						<p>Description 1</p>
					</descriptiveNote>
				</function>
				<function>
					<term>Function 2</term>
					<descriptiveNote>
						<p>Description 2</p>
					</descriptiveNote>
				</function>
			</functions>
			<mandates></mandates>
			<structureOrGenealogy>
				<p>Description of the structure.</p>
			</structureOrGenealogy>
			<biogHist>
				<p>History of the agency</p>
			</biogHist>
		</description>
		<relations>
			<cpfRelation cpfRelationType="associative" xlink:actuate="onRequest" xlink:show="new" xlink:type="simple" xlink:href="">
				<relationEntry>Ministry of Communication</relationEntry>
				<dateRange>
					<fromDate>1995</fromDate>
				</dateRange>
				<descriptiveNote>
					<p>Description of the relation</p>
				</descriptiveNote>
			</cpfRelation>
		</relations>
	</cpfDescription>
</eac-cpf>