<?xml version="1.0" encoding="utf-8" standalone="yes"?>
<!-- This is a representation level METS.xml file -->
<!-- This representation level METS.xml file is not aware of its own root level METS file or any other segments that may exists -->
<mets xmlns:xsi="http://www.w3.org/2001/XMLSchema-instance" xmlns="http://www.loc.gov/METS/" xmlns:xlink="http://www.w3.org/1999/xlink" OBJID="" TYPE="ERMS" xlink:CONTENTTYPESPECIFICATION="SMURFERMS" PROFILE="" xsi:schemaLocation="http://www.loc.gov/METS/ ../../schemas/mets.xsd" LABEL="rep1">

	<metsHdr CREATEDATE="2017-01-31T13:07:22.6970809+02:00" LASTMODDATE="2017-01-31T13:07:22.6970809+02:00" />
	<!-- CS - LASTMODDATA only mandatory if different from CREATEDATA -->
	<amdSec ID="a592e2fb-e048-4011-9d5e-e4162fe42965" />
	<fileSec ID="bb7a48f9-5528-4904-a2d7-96a9625f1b06">
		<fileGrp ID="b3904d7c-36f8-4f57-b00c-179e0df2557f" USE="Files representation ">
			<fileGrp ID="d2e7f32c-fdce-4b7a-a053-480a24ce4305" USE="representations" />
			<fileGrp ID="b6f4b954-9bd4-4179-93d3-37732b90923d" USE="data">
				<file ID="aec0430c-9152-4662-86fe-f9e78dad9baf" MIMETYPE="application/vnd.openxmlformats-officedocument.wordprocessingml.document" SIZE="12717" CREATED="2017-01-31T13:07:22.7470810+02:00" CHECKSUM="0d71382407d6a13af515761a6e1abd0e8b0784dab73e1a52427aaa9dbc4f73a9" CHECKSUMTYPE="SHA-256">
					<FLocat LOCTYPE="URL" xlink:type="simple" xlink:href="file:data/Report.docx" />
				</file>
				<file ID="dfcddd6a-c760-425a-9270-c6e89318e231" MIMETYPE="application/octet-stream" SIZE="90283" CREATED="2017-01-31T13:07:22.7470810+02:00" CHECKSUM="8d78e783f9df8855147f9585d19aa3e512d2057831f8dbb8265211fc537a52f9" CHECKSUMTYPE="SHA-256">
					<FLocat LOCTYPE="URL" xlink:type="simple" xlink:href="file:data/Memo.wma" />
				</file>
				<file ID="eb0423ba-76e2-4865-aea4-4960190a9d42" MIMETYPE="application/pdf" SIZE="80282" CREATED="2017-01-31T13:07:22.7470810+02:00" CHECKSUM="A11BAE68AA2675F679F17FCA3E8C1E4803EE02AD6E3C2E3292BA08228D52CAD9" CHECKSUMTYPE="SHA-256">
					<FLocat LOCTYPE="URL" xlink:type="simple" xlink:href="file:data/Handwritten_notes.pdf" />
				</file>
			</fileGrp>
			<fileGrp ID="d46d72ea-54dc-409b-a7ae-c7ed80679ce5" USE="schemas" />
			<fileGrp ID="afd45518-0e28-4145-8e18-bdf9c69ec084" USE="documentation" />
		</fileGrp>
	</fileSec>
	<structMap ID="f3ca126b-d9e5-4293-a021-e1cdde2156f2" TYPE="physical" LABEL="Common Specification structural map">
		<div ID="c33aebd2-b377-426d-b267-5533e37550b7" LABEL="">
			<div ID="ce16db50-a1a5-4cce-8e8f-c100144439ec" LABEL="metadata">
				<div ID="b445e8fb-c63f-4583-a188-6be7c0ff24dc" LABEL="descriptive" />
				<div ID="de22d1f5-72e2-43b5-87eb-ee812ca3d54b" LABEL="preservation" />
				<div ID="f9ca6a01-f864-4498-bb9b-19fd5e0d7454" LABEL="other" />
			</div>
			<div ID="d11713c9-3f2e-4fe4-ae2d-8a9739db3b95" LABEL="representations" />
			<div ID="e61bfd78-45d1-4428-a8df-123825e533b4" LABEL="data">
				<fptr FILEID="aec0430c-9152-4662-86fe-f9e78dad9baf" />
				<fptr FILEID="eb0423ba-76e2-4865-aea4-4960190a9d42" />
				<fptr FILEID="dfcddd6a-c760-425a-9270-c6e89318e231" />
			</div>
			<div ID="dbb88b13-f6ad-4f09-b4c7-5bcd3d15a2ab" LABEL="schemas" />
			<div ID="e9d99396-4da9-4b0c-a347-2e14b6a7dd4f" LABEL="documentation" />
		</div>
	</structMap>
</mets>