<?xml version="1.0" encoding="utf-8" standalone="yes"?>
<!-- A root level METS file. -->
<!-- This root level METS.xml file is for the IP as a whole and does not describe single representations-->
<mets xmlns:xsi="http://www.w3.org/2001/XMLSchema-instance" xmlns="http://www.loc.gov/METS/" xmlns:xlink="http://www.w3.org/1999/xlink" OBJID="a46ab3d0-c710-4d73-b58d-e93e30b53a80" TYPE="ERMS" xlink:CONTENTTYPESPECIFICATION="SMURFERMS" PROFILE="http://www.dasboard.eu/specifications/sip/v03/METS.xml" xsi:schemaLocation="http://www.loc.gov/METS/ schemas/mets.xsd" LABEL="root level METS file for an IP">
	<metsHdr CREATEDATE="2017-01-31T13:07:22.6970809+02:00" RECORDSTATUS="NEW" LASTMODDATE="2017-01-31T13:07:22.6970809+02:00">
		<agent ROLE="CREATOR" TYPE="OTHER" OTHERTYPE="SOFTWARE">
			<!-- The software which has been used to create the package (mandatory) -->
			<name>UAM</name>
			<!-- The name of the software -->
			<note>Archival project no 2017</note>
		</agent>
		<agent ROLE="ARCHIVIST" TYPE="ORGANIZATION">
			<!-- Archival creator (mandatory in the SIP, but not in the CS)-->
			<name>Ministry of Economics</name>
			<!-- Name of the archival creator (mandatory)-->
			<note>ORG.123</note>
			<!-- Archival creator identification code (not mandatory) -->
		</agent>
		<agent ROLE="CREATOR" TYPE="ORGANIZATION">
			<!-- Submitting organisation (mandatory in the SIP, but not in the CS)-->
			<name>Ministry of Economics</name>
			<!-- Name of the submitting organisation (mandatory)-->
			<note>ORG.123</note>
			<!-- Submitting organisation identification code (not mandatory) -->
		</agent>
		<agent ROLE="CREATOR" TYPE="INDIVIDUAL">
			<!-- Contact person for submission (not mandatory)-->
			<name>John Smith</name>
			<!-- Full name of the contact person -->
			<note></note>
			<!-- Contact information for the contact person -->
		</agent>
		<agent ROLE="PRESERVATION" TYPE="ORGANIZATION">
			<!-- Preservation organisation name (mandatory in the SIP, but not in the CS)-->
			<name>RAHVUSARHIIV</name>
			<note>70001946</note>
			<!-- Preservation organisation identification code (not mandatory) -->
		</agent>
		<metsDocumentID>a46ab3d0-c710-4d73-b58d-e93e30b53a80</metsDocumentID>
		<!-- CS optional, required to be equal to OBJID -->
	</metsHdr>
	<dmdSec ID="b15251f6-a215-4674-b1a5-ea7bacbb5bdc">
		<!-- This dmdSec is for EAD metadata -->
		<mdRef ID="b2a87d1f-d46f-4d75-8602-46c1d14ae2b9" LOCTYPE="URL" MDTYPE="EAD" MDTYPEVERSION="3" xlink:type="simple" xlink:href="file:metadata/descriptive/ead.xml" MIMETYPE="text/xml" SIZE="5688" CREATED="2017-01-31T13:07:22.7870810+02:00" CHECKSUM="711464894670EDD6A4667A35494B210317793D4A115C81C50A53EAB4231DB070" CHECKSUMTYPE="SHA-256" />
	</dmdSec>
	<!-- If EAC-CPF descriptions about the archival creator exist then they should be referenced in dmdSec as a file -->
	<dmdSec ID="f49ac16a-eaad-4b51-bd27-ef1b47793a36">
		<!-- This dmdSec is for EAC-CPF metadata -->
		<mdRef ID="b24e8dce-b11f-498f-afd1-8c3c8badb05c" LOCTYPE="URL" MDTYPE="EAC-CPF" MDTYPEVERSION="2010" xlink:type="simple" xlink:href="file:metadata/descriptive/eaccpf.xml" MIMETYPE="text/xml" SIZE="2610" CREATED="2017-01-31T13:07:22.7870810+02:00" CHECKSUM="7D88FD398A6C23768F20728858CF4FDE4E1E433F43B19D8241347BE52919BED3" CHECKSUMTYPE="SHA-256" />
	</dmdSec>
	<amdSec ID="b9143f83-2567-4122-a55c-87389e6263ec" />
	<fileSec ID="e2a80c69-1eb4-4c2a-a029-5d77bf53d325">
		<fileGrp ID="e4d9422e-4c26-493b-929b-580198c34055" USE="Files root">
			<fileGrp ID="ab01befd-2632-4afd-b22f-e33d7f681363" USE="representations" />
			<fileGrp ID="a17dc209-7390-4264-91e9-ef73ad54f909" USE="data" />
			<fileGrp ID="b417870b-a94b-4419-a2f9-7e55c66041fb" USE="schemas">
				<file ID="f42acf77-f965-4679-b448-c19d13765fa4" MIMETYPE="text/xml" SIZE="92413" CREATED="2017-01-31T13:07:22.7870810+02:00" CHECKSUM="7dd1670ae5076d69b1e70fbe4ff6788bf5f73e7d6f46c82fca16be12ba238ac9" CHECKSUMTYPE="SHA-256">
					<FLocat LOCTYPE="URL" xlink:type="simple" xlink:href="file:schemas/ead3.xsd" />
				</file>
				<file ID="ee9a4a63-6cd4-4e35-aed2-ea028be58ff9" MIMETYPE="text/xml" SIZE="134223" CREATED="2017-01-31T13:07:22.7870810+02:00" CHECKSUM="61fba351467f8cdfeb5d6cf8b29cf1bf9c181f0760bd8d43fe1e7765b6071e1c" CHECKSUMTYPE="SHA-256">
					<FLocat LOCTYPE="URL" xlink:type="simple" xlink:href="file:schemas/mets.xsd" />
				</file>
				<file ID="bdf662bd-8256-42de-9720-a407f476682d" MIMETYPE="text/xml" SIZE="8322" CREATED="2017-01-31T13:07:22.7970811+02:00" CHECKSUM="c3dbbaa28b884377ecd4a6c49d1f12566d8227cb0dce8ced10c0f66f8fa266e3" CHECKSUMTYPE="SHA-256">
					<FLocat LOCTYPE="URL" xlink:type="simple" xlink:href="file:schemas/xlink.xsd" />
				</file>
				<file ID="cdf662bd-8256-42de-9720-a407f47668aa" MIMETYPE="text/xml" SIZE="322" CREATED="2017-01-31T13:07:22.7970811+02:00" CHECKSUM="EF17D8360FACB6C13F8BB732DF4194406B76295CFF9C33B884EF84F66312203A" CHECKSUMTYPE="SHA-256">
					<FLocat LOCTYPE="URL" xlink:type="simple" xlink:href="file:schemas/ExtensionMETS.xsd" />
				</file>
			</fileGrp>
			<fileGrp ID="c3009624-df99-44b7-8c96-746010d9d0ad" USE="documentation"></fileGrp>
		</fileGrp>
	</fileSec>
	<structMap ID="a6d8aa37-52df-4b6e-9e27-e2f2301811da" TYPE="physical" LABEL="Common Specification structural map">
		<div ID="f5f5d962-71c4-4a73-b134-60664264c070" LABEL="c52fb08a-cab3-4007-91b5-2cd04a0d67b1">
			<div ID="df077cc6-8045-4184-ad3c-c38d272ea608" LABEL="metadata">
				<div ID="e03460ef-98eb-4109-b4c1-7041d399a3c8" LABEL="descriptive">
					<fptr FILEID="b2a87d1f-d46f-4d75-8602-46c1d14ae2b9" />
				</div>
				<div ID="d5327fb6-968d-4108-8e02-d978742ff8ef" LABEL="preservation" />
				<div ID="ee44917b-1162-41e8-ab4c-d25cad230300" LABEL="other" />
			</div>
			<div ID="edfb026f-8313-4d00-af09-1ae528db94f7" LABEL="representations">
				<div ID="f877f134-c793-42ae-b471-15c8880e736f" LABEL="rep1">
					<mptr xlink:type="simple" xlink:href="file:representations/rep1/METS.xml" LOCTYPE="URL" />
				</div>
				<div ID="c41bff2a-ea4a-46b7-b217-1762c38364ce" LABEL="rep2">
					<mptr xlink:type="simple" xlink:href="file:representations/rep2/METS.xml" LOCTYPE="URL" />
				</div>
			</div>
			<div ID="febe5ffb-e293-40db-bf50-58bf26dcca71" LABEL="data" />
			<div ID="b01af813-39f4-4edc-a1e2-a386d7441d97" LABEL="schemas">
				<fptr FILEID="f42acf77-f965-4679-b448-c19d13765fa4" />
				<fptr FILEID="ee9a4a63-6cd4-4e35-aed2-ea028be58ff9" />
				<fptr FILEID="bdf662bd-8256-42de-9720-a407f476682d" />
				<fptr FILEID="cdf662bd-8256-42de-9720-a407f47668aa" />
			</div>
			<div ID="fd86a514-b39f-43a4-af51-ec54d39758ad" LABEL="documentation"></div>
		</div>
	</structMap>
</mets>